{
  "baseline": {
    "recommendation": {
      "recommendation": "prioritization leads with mean score 0.82, pass rate 100%, which is 0.10 above overall average",
      "summary": {
        "count": 6,
        "missing": 0,
        "mean": 0.7225490196078432,
        "median": 0.7343137254901961,
        "min": 0.5666666666666667,
        "max": 0.8529411764705883,
        "std": 0.10600180867450235,
        "pass_rate": 0.5,
        "passes": 3
      },
      "best_criteria": "prioritization",
      "best_stats": {
        "count": 3,
        "missing": 0,
        "mean": 0.8228758169934641,
        "median": 0.8176470588235294,
        "min": 0.7980392156862746,
        "max": 0.8529411764705883,
        "std": 0.02271653228363762,
        "pass_rate": 1.0,
        "passes": 3
      }
    },
    "ranking": {}
  },
  "early_stop_fast_exit": {
    "recommendation": {
      "recommendation": "Insufficient data for confident recommendation",
      "summary": {
        "count": 2,
        "missing": 0,
        "mean": 0.6823529411764706,
        "median": 0.6823529411764706,
        "min": 0.5666666666666667,
        "max": 0.7980392156862746,
        "std": 0.11568627450980395,
        "pass_rate": 0.5,
        "passes": 1
      }
    },
    "ranking": {}
  },
  "early_stop_threshold": {
    "recommendation": {
      "recommendation": "Insufficient data for confident recommendation",
      "summary": {
        "count": 4,
        "missing": 0,
        "mean": 0.711764705882353,
        "median": 0.7137254901960784,
        "min": 0.5666666666666667,
        "max": 0.8529411764705883,
        "std": 0.11748354650153135,
        "pass_rate": 0.5,
        "passes": 2
      }
    },
    "ranking": {}
  },
  "prompt_shield_demo": {
    "recommendation": {
      "recommendation": "prioritization leads with mean score 0.82, pass rate 100%, which is 0.10 above overall average",
      "summary": {
        "count": 6,
        "missing": 0,
        "mean": 0.7225490196078432,
        "median": 0.7343137254901961,
        "min": 0.5666666666666667,
        "max": 0.8529411764705883,
        "std": 0.10600180867450235,
        "pass_rate": 0.5,
        "passes": 3
      },
      "best_criteria": "prioritization",
      "best_stats": {
        "count": 3,
        "missing": 0,
        "mean": 0.8228758169934641,
        "median": 0.8176470588235294,
        "min": 0.7980392156862746,
        "max": 0.8529411764705883,
        "std": 0.02271653228363762,
        "pass_rate": 1.0,
        "passes": 3
      }
    },
    "ranking": {}
  },
  "slow_rate_limit_demo": {
    "recommendation": {
      "recommendation": "prioritization leads with mean score 0.82, pass rate 100%, which is 0.10 above overall average",
      "summary": {
        "count": 6,
        "missing": 0,
        "mean": 0.7225490196078432,
        "median": 0.7343137254901961,
        "min": 0.5666666666666667,
        "max": 0.8529411764705883,
        "std": 0.10600180867450235,
        "pass_rate": 0.5,
        "passes": 3
      },
      "best_criteria": "prioritization",
      "best_stats": {
        "count": 3,
        "missing": 0,
        "mean": 0.8228758169934641,
        "median": 0.8176470588235294,
        "min": 0.7980392156862746,
        "max": 0.8529411764705883,
        "std": 0.02271653228363762,
        "pass_rate": 1.0,
        "passes": 3
      }
    },
    "ranking": {}
  },
  "variant_prompt": {
    "recommendation": {
      "recommendation": "prioritization leads with mean score 0.66, pass rate 33%",
      "summary": {
        "count": 6,
        "missing": 0,
        "mean": 0.6450980392156863,
        "median": 0.5960784313725491,
        "min": 0.4803921568627451,
        "max": 0.8352941176470589,
        "std": 0.12458311875784372,
        "pass_rate": 0.3333333333333333,
        "passes": 2
      },
      "best_criteria": "prioritization",
      "best_stats": {
        "count": 3,
        "missing": 0,
        "mean": 0.657516339869281,
        "median": 0.6098039215686275,
        "min": 0.5764705882352942,
        "max": 0.7862745098039217,
        "std": 0.09205714718393174,
        "pass_rate": 0.3333333333333333,
        "passes": 1
      }
    },
    "ranking": {}
  },
  "variant_rate_limit": {
    "recommendation": {
      "recommendation": "prioritization leads with mean score 0.82, pass rate 100%, which is 0.10 above overall average",
      "summary": {
        "count": 6,
        "missing": 0,
        "mean": 0.7225490196078432,
        "median": 0.7343137254901961,
        "min": 0.5666666666666667,
        "max": 0.8529411764705883,
        "std": 0.10600180867450235,
        "pass_rate": 0.5,
        "passes": 3
      },
      "best_criteria": "prioritization",
      "best_stats": {
        "count": 3,
        "missing": 0,
        "mean": 0.8228758169934641,
        "median": 0.8176470588235294,
        "min": 0.7980392156862746,
        "max": 0.8529411764705883,
        "std": 0.02271653228363762,
        "pass_rate": 1.0,
        "passes": 3
      }
    },
    "ranking": {}
  }
}