{
  "experiment": "prompt_shield_demo",
  "row_count": 3,
  "failures": 0,
  "aggregates": {
    "score_stats": {
      "criteria": {
        "analysis": {
          "count": 3,
          "missing": 0,
          "mean": 0.6222222222222222,
          "median": 0.6294117647058823,
          "min": 0.5666666666666667,
          "max": 0.6705882352941177,
          "std": 0.04272930491158474,
          "pass_rate": 0.0,
          "passes": 0
        },
        "prioritization": {
          "count": 3,
          "missing": 0,
          "mean": 0.8228758169934641,
          "median": 0.8176470588235294,
          "min": 0.7980392156862746,
          "max": 0.8529411764705883,
          "std": 0.02271653228363762,
          "pass_rate": 1.0,
          "passes": 3
        }
      },
      "overall": {
        "count": 6,
        "missing": 0,
        "mean": 0.7225490196078432,
        "median": 0.7343137254901961,
        "min": 0.5666666666666667,
        "max": 0.8529411764705883,
        "std": 0.10600180867450235,
        "pass_rate": 0.5,
        "passes": 3
      }
    },
    "score_recommendation": {
      "recommendation": "prioritization leads with mean score 0.82, pass rate 100%, which is 0.10 above overall average",
      "summary": {
        "count": 6,
        "missing": 0,
        "mean": 0.7225490196078432,
        "median": 0.7343137254901961,
        "min": 0.5666666666666667,
        "max": 0.8529411764705883,
        "std": 0.10600180867450235,
        "pass_rate": 0.5,
        "passes": 3
      },
      "best_criteria": "prioritization",
      "best_stats": {
        "count": 3,
        "missing": 0,
        "mean": 0.8228758169934641,
        "median": 0.8176470588235294,
        "min": 0.7980392156862746,
        "max": 0.8529411764705883,
        "std": 0.02271653228363762,
        "pass_rate": 1.0,
        "passes": 3
      }
    }
  },
  "config": {
    "name": "prompt_shield_demo",
    "description": "Showcase prompt shield masking behaviour for sensitive terms.",
    "enabled": true,
    "temperature": 0.0,
    "max_tokens": 256,
    "prompt_pack": "sample",
    "llm_middlewares": [
      {
        "name": "prompt_shield",
        "security_level": "official",
        "options": {
          "denied_terms": [
            "classified",
            "top secret"
          ],
          "on_violation": "mask",
          "mask": "[REDACTED]"
        }
      }
    ],
    "is_baseline": false,
    "hypothesis": "",
    "author": "unknown",
    "tags": [],
    "estimated_cost": {
      "estimated_requests": 100.0,
      "estimated_input_cost": 6.0,
      "estimated_output_cost": 1.536,
      "estimated_total_cost": 7.536
    }
  },
  "timestamp": "2025-10-12T08:09:15.282118+00:00"
}