{
  "experiment": "variant_rate_limit",
  "row_count": 3,
  "failures": 0,
  "aggregates": {
    "score_stats": {
      "criteria": {
        "analysis": {
          "count": 3,
          "missing": 0,
          "mean": 0.6222222222222222,
          "median": 0.6294117647058823,
          "min": 0.5666666666666667,
          "max": 0.6705882352941177,
          "std": 0.04272930491158474,
          "pass_rate": 0.0,
          "passes": 0
        },
        "prioritization": {
          "count": 3,
          "missing": 0,
          "mean": 0.8228758169934641,
          "median": 0.8176470588235294,
          "min": 0.7980392156862746,
          "max": 0.8529411764705883,
          "std": 0.02271653228363762,
          "pass_rate": 1.0,
          "passes": 3
        }
      },
      "overall": {
        "count": 6,
        "missing": 0,
        "mean": 0.7225490196078432,
        "median": 0.7343137254901961,
        "min": 0.5666666666666667,
        "max": 0.8529411764705883,
        "std": 0.10600180867450235,
        "pass_rate": 0.5,
        "passes": 3
      }
    },
    "score_recommendation": {
      "recommendation": "prioritization leads with mean score 0.82, pass rate 100%, which is 0.10 above overall average",
      "summary": {
        "count": 6,
        "missing": 0,
        "mean": 0.7225490196078432,
        "median": 0.7343137254901961,
        "min": 0.5666666666666667,
        "max": 0.8529411764705883,
        "std": 0.10600180867450235,
        "pass_rate": 0.5,
        "passes": 3
      },
      "best_criteria": "prioritization",
      "best_stats": {
        "count": 3,
        "missing": 0,
        "mean": 0.8228758169934641,
        "median": 0.8176470588235294,
        "min": 0.7980392156862746,
        "max": 0.8529411764705883,
        "std": 0.02271653228363762,
        "pass_rate": 1.0,
        "passes": 3
      }
    }
  },
  "config": {
    "name": "variant_rate_limit",
    "description": "Variant demonstrating rate limiter and cost tracker overrides",
    "enabled": true,
    "temperature": 0.0,
    "max_tokens": 256,
    "prompt_pack": "sample",
    "rate_limiter": {
      "plugin": "fixed_window",
      "security_level": "official",
      "options": {
        "requests": 1,
        "per_seconds": 1
      }
    },
    "cost_tracker": {
      "plugin": "fixed_price",
      "security_level": "official",
      "options": {
        "prompt_token_price": 0.0001,
        "completion_token_price": 0.00015
      }
    },
    "baseline_plugins": [
      {
        "name": "score_delta",
        "security_level": "official"
      }
    ],
    "is_baseline": false,
    "hypothesis": "",
    "author": "unknown",
    "tags": [],
    "prompt_system": "",
    "prompt_template": "",
    "row_plugin_defs": [],
    "aggregator_plugin_defs": [],
    "sink_defs": [],
    "baseline_plugin_defs": [
      {
        "name": "score_delta",
        "security_level": "official"
      }
    ],
    "validation_plugin_defs": [],
    "early_stop_plugin_defs": [],
    "llm_middleware_defs": [],
    "rate_limiter_def": {
      "plugin": "fixed_window",
      "security_level": "official",
      "options": {
        "requests": 1,
        "per_seconds": 1
      }
    },
    "cost_tracker_def": {
      "plugin": "fixed_price",
      "security_level": "official",
      "options": {
        "prompt_token_price": 0.0001,
        "completion_token_price": 0.00015
      }
    },
    "estimated_cost": {
      "estimated_requests": 100.0,
      "estimated_input_cost": 6.0,
      "estimated_output_cost": 1.536,
      "estimated_total_cost": 7.536
    }
  },
  "timestamp": "2025-10-17T03:17:56.635629+00:00"
}